[{"categoryString":"EXTENSION","nonVisible":"true","iconName":"aiwebres/glasses.png","methods":[{"deprecated":"false","name":"ClassifyImageData","description":"Performs classification on the image at the given path and triggers the GotClassification event when classification is finished successfully.","params":[{"name":"image","type":"text"}]},{"deprecated":"false","name":"ClassifyVideoData","description":"Performs classification on current video frame and triggers the GotClassification event when classification is finished successfully.","params":[]},{"deprecated":"false","name":"ToggleCameraFacingMode","description":"Toggles between user-facing and environment-facing camera.","params":[]}],"blockProperties":[{"rw":"read-write","deprecated":"false","name":"InputMode","description":"Gets or sets the input mode for classification. Valid values are \"Video\" (the default) and \"Image\".","type":"text"},{"rw":"invisible","deprecated":"false","name":"WebViewer","description":"","type":"component"}],"helpUrl":"","type":"edu.mit.appinventor.ai.look.Look","androidMinSdk":7,"version":"20181124","external":"true","showOnPalette":"true","assets":["look.js","weights_manifest.json","scavenger_classes.js","group1-shard1of1","tfjs-0.12.4.js","web_model.pb","look.html"],"name":"Look","helpString":"Component that classifies images. You must provide a WebViewer component in the Look component's WebViewer property in order for classificatino to work.","properties":[{"defaultValue":"","name":"InputMode","editorArgs":["Video","Image"],"editorType":"choices"},{"defaultValue":"","name":"WebViewer","editorArgs":[],"editorType":"component:com.google.appinventor.runtime.components.WebViewer"}],"events":[{"deprecated":"false","name":"ClassifierReady","description":"Event indicating that the classifier is ready.","params":[]},{"deprecated":"false","name":"Error","description":"Event indicating that an error has occurred.","params":[{"name":"errorCode","type":"number"}]},{"deprecated":"false","name":"GotClassification","description":"Event indicating that classification has finished successfully. Result is of the form [[class1, confidence1], [class2, confidence2], ..., [class10, confidence10]].","params":[{"name":"result","type":"list"}]}]}]